arbre,id_branche,id_fruit,id_UC,MS_ini,MF_rec,charge_arbre,id_charp,charge_charp
E13,1,1,155,13.09975236,484.21,0.497,51,0.196
E13,2,2,203,11.4645805,464.97,0.497,51,0.196
E13,2,a,193,,479,0.497,51,0.196
E13,2,b,134,,456,0.497,51,0.196
E13,2,c,134,,332,0.497,51,0.196
E13,2,d,134,,326,0.497,51,0.196
E13,2,e,134,,449,0.497,51,0.196
E13,3,3,,12.44693398,,0.497,,
E13,4,4,333,13.58486528,335.54,0.497,52,0.546
E13,4,a,,,364,0.497,52,0.546
E13,4,b,,,389,0.497,52,0.546
E13,4,c,,,398,0.497,52,0.546
E13,4,d,,,309,0.497,52,0.546
E13,5,5,,11.82041742,,0.497,,
E13,6,6,440,14.93662613,351,0.497,52,0.546
E13,6,a,,,384,0.497,52,0.546
E13,6,b,,,416,0.497,52,0.546
E13,6,c,,,358,0.497,52,0.546
E13,6,d,,,342,0.497,52,0.546
E13,7,7,,8.396419173,,0.497,21,0.094
E13,8,8,576,6.431085397,406.11,0.497,21,0.094
E13,8,a,,,542,0.497,21,0.094
E13,8,b,,,412,0.497,21,0.094
E13,9,9,533,12.12324066,457.58,0.497,21,0.094
E13,9,a,,,390,0.497,21,0.094
E13,9,b,,,520,0.497,21,0.094
E13,9,c,,,381,0.497,21,0.094
E13,9,d,,,463,0.497,21,0.094
E13,9,f,,,406,0.497,21,0.094
E13,9,k,,,416,0.497,21,0.094
E13,10,10,549,12.35543844,391.94,0.497,21,0.094
E13,11,11,649,6.715090626,456.34,0.497,22,0.422
E13,11,a,654,,520,0.497,22,0.422
E13,11,b,695,,301,0.497,22,0.422
E13,12,12,712,8.693601767,386.74,0.497,22,0.422
E13,12,a,621,,456,0.497,22,0.422
E13,13,13,673,13.10665775,380.32,0.497,22,0.422
E13,13,a,673,,473,0.497,22,0.422
E13,13,b,670,,476,0.497,22,0.422
E13,14,14,755,18.76526071,464.4,0.497,22,0.422
E13,14,a,753,,362,0.497,22,0.422
E13,14,b,748,,363,0.497,22,0.422
E13,14,c,748,,362,0.497,22,0.422
E13,14,d,765,,452,0.497,22,0.422
E13,14,e,765,,464,0.497,22,0.422
E13,14,f,781,,508,0.497,22,0.422
E13,14,g,782,,467,0.497,22,0.422
E13,14,h,731,,374,0.497,22,0.422
E13,15,15,,6.454853484,,0.497,22,0.422
E13,16,16,849,9.870932488,339.38,0.497,22,0.422
E13,16,a,239,,334,0.497,22,0.422
E13,16,b,860,,450,0.497,22,0.422
E13,16,c,860,,312,0.497,22,0.422
E13,16,d,860,,350,0.497,22,0.422
E13,16,e,860,,432,0.497,22,0.422
E13,16,f,860,,471,0.497,22,0.422
E13,16,g,860,,344,0.497,22,0.422
E13,16,h,860,,400,0.497,22,0.422
E13,17,17,,6.516375562,,0.497,,
E13,18,18,891,7.406658004,544.8,0.497,22,0.422
E13,18,a,891,,363,0.497,22,0.422
E13,18,b,904,,445,0.497,22,0.422
E13,18,c,910,,449,0.497,22,0.422
E13,18,d,868,,529,0.497,22,0.422
E13,18,e,868,,405,0.497,22,0.422
E13,18,f,868,,496,0.497,22,0.422
E13,18,g,,,358,0.497,22,0.422
E13,18,h,868,,427,0.497,22,0.422
E13,19,19,1000,9.944029552,407.35,0.497,31,0.560
E13,19,a,1031,,443,0.497,31,0.560
E13,19,b,1031,,379,0.497,31,0.560
E13,20,20,965,10.20953743,386.46,0.497,31,0.560
E13,21,21,,6.33688502,,0.497,,
E13,22,22,1084,7.819810535,385.27,0.497,31,0.560
E13,23,23,1095,8.930428035,454.81,0.497,31,0.560
E13,23,a,1107,,433,0.497,31,0.560
E13,24,24,1479,10.52087445,374.01,0.497,33,0.500
E13,24,a,1449,,610,0.497,33,0.500
E13,24,b,1500,,287,0.497,33,0.500
E13,25,25,1171,8.476446575,408.76,0.497,32,0.256
E13,25,a,1162,,242,0.497,32,0.256
E13,25,b,1156,,401,0.497,32,0.256
E13,26,26,1149,9.324807538,435.25,0.497,32,0.256
E13,26,a,1132,,459,0.497,32,0.256
E13,26,b,1134,,410,0.497,32,0.256
E13,26,c,1138,,447,0.497,32,0.256
E13,26,d,1140,,454,0.497,32,0.256
E13,26,e,1140,,387,0.497,32,0.256
E13,27,27,1577,14.45647377,478.27,0.497,33,0.500
E13,27,a,193,,378,0.497,33,0.500
E13,27,b,,,472,0.497,33,0.500
E13,28,28,1538,8.083794075,434.18,0.497,33,0.500
E13,29,29,,10.41056677,,0.497,,
E13,30,30,1275,8.906927333,359.53,0.497,33,0.500
E13,30,a,1265,,368,0.497,33,0.500
E13,30,b,1243,,77,0.497,33,0.500
E13,31,31,1260,9.188220893,417.52,0.497,33,0.500
E13,31,a,1260,,414,0.497,33,0.500
E13,31,b,1260,,270,0.497,33,0.500
E13,32,32,1323,9.12548753,450.72,0.497,33,0.500
E13,32,a,1323,,348,0.497,33,0.500
E13,32,b,1322,,356,0.497,33,0.500
E13,32,c,1316,,371,0.497,33,0.500
E13,32,d,1316,,395,0.497,33,0.500
E13,32,e,1308,,386,0.497,33,0.500
E13,32,f,,,510,0.497,33,0.500
E13,32,g,1284,,287,0.497,33,0.500
E13,32,h,1285,,400,0.497,33,0.500
E13,32,i,1289,,409,0.497,33,0.500
E13,32,j,,,485,0.497,33,0.500
E13,33,33,1631,7.363845819,558.74,0.497,41,0.038
E13,34,34,36,8.343487763,573.76,0.497,51,0.196
E13,35,35,1351,14.78781197,416.86,0.497,33,0.500
E13,35,a,1351,,371,0.497,33,0.500
E13,35,b,1355,,435,0.497,33,0.500
E13,35,c,1343,,476,0.497,33,0.500
E13,35,d,1401,,441,0.497,33,0.500
E13,35,e,1329,,515,0.497,33,0.500
E13,35,f,1329,,381,0.497,33,0.500
E13,35,g,1329,,497,0.497,33,0.500
E13,35,h,1329,,458,0.497,33,0.500
E13,35,i,1329,,360,0.497,33,0.500
E13,36,36,98,7.259807592,397.77,0.497,51,0.196
E13,37,37,264,14.59426037,429.26,0.497,52,0.546
E13,37,a,265,,378,0.497,52,0.546
E13,37,b,258,,139,0.497,52,0.546
E13,37,c,242,,481,0.497,52,0.546
E13,37,d,242,,352,0.497,52,0.546
E13,37,e,243,,426,0.497,52,0.546
E13,37,f,243,,446,0.497,52,0.546
E13,37,g,237,,450,0.497,52,0.546
E13,37,h,223,,393,0.497,52,0.546
E13,37,i,312,,419,0.497,52,0.546
E13,37,j,253,,365,0.497,52,0.546
E13,37,k,226,,399,0.497,52,0.546
E13,37,l,283,,396,0.497,52,0.546
E13,37,m,288,,390,0.497,52,0.546
E13,38,a,961,,404,0.497,31,0.560
E13,38,b,961,,371,0.497,31,0.560
E13,38,c,958,,486,0.497,31,0.560
E13,38,d,957,,462,0.497,31,0.560
E13,38,e,957,,444,0.497,31,0.560
E13,38,f,954,,400,0.497,31,0.560
E13,39,a,984,,461,0.497,31,0.560
E13,39,b,984,,383,0.497,31,0.560
E13,39,c,984,,419,0.497,31,0.560
E13,39,d,981,,486,0.497,31,0.560
E13,39,e,981,,363,0.497,31,0.560
E13,,,,,308,0.497,11,0.200
E13,,,,,471,0.497,11,0.200
E13,,,,,347,0.497,11,0.200
E13,,,,,418,0.497,11,0.200
E13,,,,,496,0.497,11,0.200
E13,,,,,538,0.497,11,0.200
E13,,,,,462,0.497,11,0.200
E13,,,,,223,0.497,21,0.094
E13,,,,,316,0.497,22,0.422
E13,,,,,471,0.497,22,0.422
E13,,,,,415,0.497,22,0.422
E13,,,,,379,0.497,22,0.422
E13,,,,,440,0.497,22,0.422
E13,,,,,366,0.497,22,0.422
E13,,,,,448,0.497,22,0.422
E13,,,,,444,0.497,22,0.422
E13,,,,,410,0.497,22,0.422
E13,,,,,379,0.497,22,0.422
E13,,,,,425,0.497,22,0.422
E13,,,,,524,0.497,22,0.422
E13,,,,,462,0.497,22,0.422
E13,,,,,520,0.497,22,0.422
E13,,,,,371,0.497,22,0.422
E13,,,,,479,0.497,22,0.422
E13,,,,,509,0.497,22,0.422
E13,,,,,368,0.497,22,0.422
E13,,,,,504,0.497,22,0.422
E13,,,,,461,0.497,22,0.422
E13,,,,,481,0.497,22,0.422
E13,,,,,465,0.497,22,0.422
E13,,,,,345,0.497,22,0.422
E13,,,,,243,0.497,22,0.422
E13,,,,,332,0.497,22,0.422
E13,,,,,497,0.497,22,0.422
E13,,,,,462,0.497,22,0.422
E13,,,,,326,0.497,22,0.422
E13,,,,,440,0.497,22,0.422
E13,,,,,463,0.497,22,0.422
E13,,,,,449,0.497,31,0.560
E13,,,,,331,0.497,31,0.560
E13,,,,,471,0.497,31,0.560
E13,,,,,425,0.497,31,0.560
E13,,,,,473,0.497,31,0.560
E13,,,,,333,0.497,31,0.560
E13,,,,,551,0.497,31,0.560
E13,,,,,446,0.497,31,0.560
E13,,,,,468,0.497,31,0.560
E13,,,,,435,0.497,31,0.560
E13,,,,,476,0.497,31,0.560
E13,,,,,620,0.497,31,0.560
E13,,,,,508,0.497,31,0.560
E13,,,,,291,0.497,31,0.560
E13,,,,,383,0.497,31,0.560
E13,,,,,561,0.497,31,0.560
E13,,,,,469,0.497,31,0.560
E13,,,,,355,0.497,32,0.256
E13,,,,,488,0.497,32,0.256
E13,,,,,495,0.497,32,0.256
E13,,,,,511,0.497,32,0.256
E13,,,,,326,0.497,32,0.256
E13,,,,,375,0.497,32,0.256
E13,,,,,419,0.497,32,0.256
E13,,,,,343,0.497,32,0.256
E13,,,,,423,0.497,32,0.256
E13,,,,,438,0.497,32,0.256
E13,,,,,458,0.497,32,0.256
E13,,,,,411,0.497,32,0.256
E13,,,,,480,0.497,32,0.256
E13,,,,,426,0.497,32,0.256
E13,,,,,598,0.497,32,0.256
E13,,,,,555,0.497,32,0.256
E13,,,,,545,0.497,32,0.256
E13,,,,,509,0.497,32,0.256
E13,,,,,556,0.497,32,0.256
E13,,,,,537,0.497,32,0.256
E13,,,,,485,0.497,32,0.256
E13,,,,,499,0.497,32,0.256
E13,,,,,285,0.497,33,0.500
E13,,,,,429,0.497,33,0.500
E13,,,,,401,0.497,33,0.500
E13,,,,,428,0.497,33,0.500
E13,,,,,432,0.497,33,0.500
E13,,,,,461,0.497,33,0.500
E13,,,,,516,0.497,33,0.500
E13,,,,,455,0.497,33,0.500
E13,,,,,409,0.497,33,0.500
E13,,,,,539,0.497,33,0.500
E13,,,,,390,0.497,33,0.500
E13,,,,,608,0.497,33,0.500
E13,,,,,146,0.497,52,0.546
E13,,,,,383,0.497,52,0.546
E13,,,,,359,0.497,52,0.546
E13,,,,,368,0.497,52,0.546
E13,,,,,445,0.497,52,0.546
E13,,,,,345,0.497,52,0.546
E13,,,,,367,0.497,52,0.546
E13,,,,,495,0.497,52,0.546
E13,,,,,360,0.497,52,0.546
E13,,,,,484,0.497,52,0.546
E13,,,,,380,0.497,52,0.546
E13,,,,,442,0.497,52,0.546
E13,,,,,487,0.497,52,0.546
E13,,,,,343,0.497,52,0.546
E13,,,,,387,0.497,52,0.546
E13,,,,,498,0.497,52,0.546
E13,,,,,471,0.497,52,0.546
E13,,,,,428,0.497,52,0.546
E13,,,,,437,0.497,52,0.546
E13,,,,,420,0.497,52,0.546
E13,,,,,326,0.497,52,0.546
E13,,,,,390,0.497,52,0.546
E13,,,,,468,0.497,52,0.546
E13,,,,,448,0.497,52,0.546
E13,,,,,364,0.497,52,0.546
E13,,,,,389,0.497,52,0.546
E13,,,,,466,0.497,52,0.546
E13,,,,,426,0.497,52,0.546
E13,,,,,402,0.497,52,0.546
E13,,,,,422,0.497,52,0.546
E13,,,,,439,0.497,52,0.546
E13,,,,,416,0.497,52,0.546
E13,,,,,532,0.497,52,0.546
E13,,,,,399,0.497,52,0.546
E13,,,,,483,0.497,52,0.546
E13,,,,,502,0.497,52,0.546
E13,,,,,428,0.497,52,0.546
E13,,,,,468,0.497,52,0.546
E13,,,,,468,0.497,52,0.546
E13,,,,,396,0.497,52,0.546
E13,,,,,554,0.497,52,0.546
E13,,,,,477,0.497,52,0.546
E13,,,,,465,0.497,52,0.546
E13,,,,,479,0.497,52,0.546
E13,,,,,450,0.497,52,0.546
E13,,,,,159,0.497,52,0.546
E13,,,,,440,0.497,52,0.546
E13,,,,,448,0.497,52,0.546
E13,,,,,382,0.497,52,0.546
E13,,,,,198,0.497,52,0.546
E13,,,,,401,0.497,52,0.546
E13,,,,,323,0.497,52,0.546
E13,,,,,287,0.497,52,0.546
E13,,,,,456,0.497,52,0.546
E13,,,,,512,0.497,52,0.546
E13,,,,,395,0.497,52,0.546
E13,,,,,509,0.497,52,0.546
E13,,,,,394,0.497,52,0.546
E13,,,,,406,0.497,52,0.546
E13,,,,,433,0.497,52,0.546
E13,,,,,471,0.497,52,0.546
E13,,,,,402,0.497,52,0.546
E13,,,,,533,0.497,52,0.546
E13,,,,,430,0.497,52,0.546
E13,,,,,324,0.497,,
E13,,,,,189,0.497,,
E13,,,,,174,0.497,,
E13,,,,,170,0.497,,
E13,,,,,483,0.497,,
E13,,,,,213,0.497,,
E13,,,,,209,0.497,,
E13,,,,,390,0.497,,
E13,,,,,302,0.497,,
E13,,,,,573,0.497,,
E13,,,,,349,0.497,,
E13,,,,,499,0.497,,
E13,,,,,417,0.497,,
E13,,,,,298,0.497,,
E13,,,,,428,0.497,,
E13,,,,,398,0.497,,
E13,,,,,330,0.497,,
E13,,,,,380,0.497,,
E13,,,,,427,0.497,,
E13,,,,,401,0.497,,
E13,,,,,454,0.497,,
E13,,,,,271,0.497,,
E13,,,,,297,0.497,,
E13,,,,,397,0.497,,
E13,,,,,484,0.497,,
E13,,,,,499,0.497,,
E13,,,,,532,0.497,,
E13,,,,,444,0.497,,
E13,,,,,299,0.497,,
E13,,,,,378,0.497,,
E13,,,,,417,0.497,,
E13,,,,,431,0.497,,
E13,,,,,423,0.497,,
E13,,,,,384,0.497,,
E13,,,,,346,0.497,,
E13,,,,,315,0.497,,
E13,,,,,488,0.497,,
E13,,,,,468,0.497,,
E13,,,,,328,0.497,,
E13,,,,,590,0.497,,
E13,,,,,311,0.497,,
E13,,,,,479,0.497,,
E13,,,,,530,0.497,,
E13,,,,,376,0.497,,
E13,,,,,468,0.497,,
E13,,,,,171,0.497,,
E13,,,,,458,0.497,,
E13,,,,,553,0.497,,
E16,1,1,41,7.544541533,339.57,0.398,11,0.481
E16,2,2,75,7.426200284,467.98,0.398,11,0.481
E16,3,3,101,6.152603503,376.87,0.398,11,0.481
E16,3,a,62,,404,0.398,11,0.481
E16,4,4,217,8.593390197,513.55,0.398,11,0.481
E16,5,5,278,8.548222153,340.72,0.398,11,0.481
E16,5,a,244,,444,0.398,11,0.481
E16,5,b,299,,429,0.398,11,0.481
E16,5,c,288,,404,0.398,11,0.481
E16,6,6,,10.43253539,292,0.398,11,0.481
E16,6,a,,,413,0.398,11,0.481
E16,6,b,,,433,0.398,11,0.481
E16,6,c,,,491,0.398,11,0.481
E16,6,d,,,445,0.398,11,0.481
E16,6,e,,,347,0.398,11,0.481
E16,6,f,,,322,0.398,11,0.481
E16,6,x,,,457,0.398,11,0.481
E16,7,7,,7.524687835,,0.398,,
E16,8,8,,6.30690034,349.82,0.398,11,0.481
E16,9,9,,10.04409928,348.04,0.398,11,0.481
E16,9,a,,,268,0.398,11,0.481
E16,9,b,,,404,0.398,11,0.481
E16,9,c,,,436,0.398,11,0.481
E16,9,d,,,337,0.398,11,0.481
E16,9,e,,,201,0.398,11,0.481
E16,9,f,,,402,0.398,11,0.481
E16,9,x,,,324,0.398,11,0.481
E16,9,x,,,376,0.398,11,0.481
E16,10,10,,5.29456237,,0.398,,
E16,11,11,417,6.952764331,440.77,0.398,11,0.481
E16,11,a,419,,439,0.398,11,0.481
E16,12,12,340,13.61353238,399.29,0.398,11,0.481
E16,12,a,340,,410,0.398,11,0.481
E16,12,b,336,,428,0.398,11,0.481
E16,12,c,353,,457,0.398,11,0.481
E16,12,d,379,,368,0.398,11,0.481
E16,12,e,379,,468,0.398,11,0.481
E16,12,f,394,,444,0.398,11,0.481
E16,13,13,,5.951684722,,0.398,,
E16,14,14,487,8.87413021,576.87,0.398,21,0.432
E16,14,a,495,,410,0.398,21,0.432
E16,15,15,587,7.457575236,252,0.398,21,0.432
E16,16,16,605,7.532623037,462.38,0.398,21,0.432
E16,16,a,605,,216,0.398,21,0.432
E16,16,b,605,,274,0.398,21,0.432
E16,16,c,601,,395,0.398,21,0.432
E16,16,d,600,,506,0.398,21,0.432
E16,17,17,554,5.062626025,318.36,0.398,21,0.432
E16,17,a,583,,414,0.398,21,0.432
E16,18,18,,5.649128729,309.67,0.398,21,0.432
E16,18,a,,,553,0.398,21,0.432
E16,18,b,,,400,0.398,21,0.432
E16,18,c,,,543,0.398,21,0.432
E16,19,19,,10.71108649,422.02,0.398,21,0.432
E16,19,a,,,433,0.398,21,0.432
E16,19,b,,,484,0.398,21,0.432
E16,19,c,,,539,0.398,21,0.432
E16,20,20,,8.182373979,385.82,0.398,31,0.247
E16,21,21,,13.99913198,424,0.398,22,0.262
E16,21,a,,,349,0.398,22,0.262
E16,21,b,,,440,0.398,22,0.262
E16,21,c,,,423,0.398,22,0.262
E16,21,d,,,523,0.398,22,0.262
E16,22,22,,4.920584509,395,0.398,31,0.247
E16,22,b,,,81,0.398,31,0.247
E16,22,c,,,395,0.398,31,0.247
E16,22,d,,,302,0.398,31,0.247
E16,23,23,,9.20275896,429.68,0.398,41,0.590
E16,23,a,,,403,0.398,41,0.590
E16,23,a,,,364,0.398,41,0.590
E16,23,b,,,451,0.398,41,0.590
E16,23,c,,,478,0.398,41,0.590
E16,23,d,,,558,0.398,41,0.590
E16,23,e,,,420,0.398,41,0.590
E16,23,f,,,547,0.398,41,0.590
E16,24,24,,8.666156013,,0.398,,
E16,25,25,,10.92199151,342,0.398,41,0.590
E16,25,a,,,466,0.398,41,0.590
E16,25,b,,,329,0.398,41,0.590
E16,25,c,,,272,0.398,41,0.590
E16,25,d,,,387,0.398,41,0.590
E16,25,e,,,391,0.398,41,0.590
E16,26,26,,18.90422281,461.45,0.398,41,0.590
E16,26,a,,,398,0.398,41,0.590
E16,26,b,,,578,0.398,41,0.590
E16,26,c,,,483,0.398,41,0.590
E16,26,d,,,490,0.398,41,0.590
E16,26,e,,,278,0.398,41,0.590
E16,27,27,,11.47667054,,0.398,,
E16,28,28,,8.041304538,468.64,0.398,41,0.590
E16,28,a,,,271,0.398,41,0.590
E16,29,29,,11.65341565,423,0.398,41,0.590
E16,29,a,,,348,0.398,41,0.590
E16,29,b,,,406,0.398,41,0.590
E16,29,c,,,435,0.398,41,0.590
E16,29,d,,,483,0.398,41,0.590
E16,29,e,,,444,0.398,41,0.590
E16,29,f,,,561,0.398,41,0.590
E16,29,g,,,453,0.398,41,0.590
E16,29,h,,,443,0.398,41,0.590
E16,30,30,,11.50695144,484.97,0.398,41,0.590
E16,31,31,,10.50979129,518.24,0.398,42,0.292
E16,32,32,,13.34361944,346,0.398,42,0.292
E16,32,a,,,580,0.398,42,0.292
E16,32,b,,,404,0.398,42,0.292
E16,32,c,,,524,0.398,42,0.292
E16,32,d,,,429,0.398,42,0.292
E16,32,e,,,181,0.398,42,0.292
E16,33,33,,7.612436763,,0.398,,
E16,34,34,,8.045543422,397.71,0.398,43,0.382
E16,34,a,,,354,0.398,43,0.382
E16,34,b,,,290,0.398,43,0.382
E16,34,c,,,499,0.398,43,0.382
E16,34,d,,,310,0.398,43,0.382
E16,34,e,,,361,0.398,43,0.382
E16,34,f,,,314,0.398,43,0.382
E16,34,g,,,449,0.398,43,0.382
E16,35,35,,7.852848451,449.06,0.398,43,0.382
E16,35,a,,,388,0.398,43,0.382
E16,36,36,,10.20415843,448.38,0.398,42,0.292
E16,36,a,,,677,0.398,42,0.292
E16,36,b,,,415,0.398,42,0.292
E16,37,37,127,13.23855395,431.16,0.398,11,0.481
E16,37,a,123,,388,0.398,11,0.481
E16,37,b,118,,468,0.398,11,0.481
E16,37,c,138,,436,0.398,11,0.481
E16,37,d,148,,442,0.398,11,0.481
E16,37,e,147,,267,0.398,11,0.481
E16,37,f,152,,471,0.398,11,0.481
E16,,,,,275,0.398,11,0.481
E16,,,,,324,0.398,11,0.481
E16,,,,,352,0.398,11,0.481
E16,,,,,350,0.398,11,0.481
E16,,,,,505,0.398,11,0.481
E16,,,,,410,0.398,11,0.481
E16,,,,,357,0.398,11,0.481
E16,,,,,474,0.398,11,0.481
E16,,,,,506,0.398,11,0.481
E16,,,,,333,0.398,11,0.481
E16,,,,,518,0.398,11,0.481
E16,,,,,351,0.398,11,0.481
E16,,,,,357,0.398,11,0.481
E16,,,,,319,0.398,11,0.481
E16,,,,,458,0.398,11,0.481
E16,,,,,444,0.398,11,0.481
E16,,,,,483,0.398,11,0.481
E16,,,,,495,0.398,21,0.432
E16,,,,,295,0.398,21,0.432
E16,,,,,380,0.398,21,0.432
E16,,,,,349,0.398,21,0.432
E16,,,,,451,0.398,21,0.432
E16,,,,,426,0.398,21,0.432
E16,,,,,373,0.398,21,0.432
E16,,,,,407,0.398,21,0.432
E16,,,,,507,0.398,21,0.432
E16,,,,,380,0.398,21,0.432
E16,,,,,403,0.398,21,0.432
E16,,,,,609,0.398,21,0.432
E16,,,,,258,0.398,21,0.432
E16,,,,,379,0.398,21,0.432
E16,,,,,626,0.398,21,0.432
E16,,,,,417,0.398,22,0.262
E16,,,,,388,0.398,22,0.262
E16,,,,,327,0.398,22,0.262
E16,,,,,340,0.398,22,0.262
E16,,,,,342,0.398,22,0.262
E16,,,,,295,0.398,22,0.262
E16,,,,,307,0.398,22,0.262
E16,,,,,308,0.398,22,0.262
E16,,,,,243,0.398,22,0.262
E16,,,,,509,0.398,22,0.262
E16,,,,,290,0.398,22,0.262
E16,,,,,399,0.398,22,0.262
E16,,,,,419,0.398,22,0.262
E16,,,,,295,0.398,22,0.262
E16,,,,,407,0.398,22,0.262
E16,,,,,357,0.398,22,0.262
E16,,,,,362,0.398,22,0.262
E16,,,,,521,0.398,22,0.262
E16,,,,,422,0.398,22,0.262
E16,,,,,389,0.398,22,0.262
E16,,,,,374,0.398,22,0.262
E16,,,,,425,0.398,22,0.262
E16,,,,,393,0.398,22,0.262
E16,,,,,422,0.398,22,0.262
E16,,,,,445,0.398,22,0.262
E16,,,,,400,0.398,22,0.262
E16,,,,,495,0.398,22,0.262
E16,,,,,473,0.398,22,0.262
E16,,,,,436,0.398,22,0.262
E16,,,,,422,0.398,22,0.262
E16,,,,,459,0.398,22,0.262
E16,,,,,490,0.398,22,0.262
E16,,,,,516,0.398,22,0.262
E16,,,,,389,0.398,22,0.262
E16,,,,,538,0.398,22,0.262
E16,,,,,324,0.398,41,0.590
E16,,,,,409,0.398,41,0.590
E16,,,,,302,0.398,41,0.590
E16,,,,,357,0.398,41,0.590
E16,,,,,310,0.398,41,0.590
E16,,,,,416,0.398,41,0.590
E16,,,,,382,0.398,41,0.590
E16,,,,,321,0.398,41,0.590
E16,,,,,337,0.398,41,0.590
E16,,,,,366,0.398,41,0.590
E16,,,,,401,0.398,41,0.590
E16,,,,,419,0.398,41,0.590
E16,,,,,390,0.398,41,0.590
E16,,,,,373,0.398,41,0.590
E16,,,,,334,0.398,41,0.590
E16,,,,,391,0.398,41,0.590
E16,,,,,397,0.398,42,0.292
E16,,,,,483,0.398,42,0.292
E16,,,,,202,0.398,42,0.292
E16,,,,,501,0.398,42,0.292
E16,,,,,209,0.398,42,0.292
E16,,,,,304,0.398,42,0.292
E16,,,,,363,0.398,42,0.292
E16,,,,,441,0.398,42,0.292
E16,,,,,391,0.398,42,0.292
E16,,,,,447,0.398,42,0.292
E16,,,,,504,0.398,42,0.292
E16,,,,,572,0.398,42,0.292
E16,,,,,452,0.398,42,0.292
E16,,,,,442,0.398,42,0.292
E16,,,,,394,0.398,42,0.292
E16,,,,,308,0.398,42,0.292
E16,,,,,591,0.398,42,0.292
E16,,,,,396,0.398,42,0.292
E16,,,,,397,0.398,42,0.292
E16,,,,,413,0.398,42,0.292
E16,,,,,376,0.398,42,0.292
E16,,,,,338,0.398,42,0.292
E16,,,,,397,0.398,42,0.292
E16,,,,,366,0.398,42,0.292
E16,,,,,435,0.398,42,0.292
E16,,,,,508,0.398,42,0.292
E16,,,,,452,0.398,42,0.292
E16,,,,,624,0.398,42,0.292
E16,,,,,422,0.398,42,0.292
E16,,,,,524,0.398,42,0.292
E16,,,,,498,0.398,42,0.292
E16,,,,,389,0.398,42,0.292
E16,,,,,507,0.398,42,0.292
E16,,,,,514,0.398,42,0.292
E16,,,,,567,0.398,42,0.292
E16,,,,,373,0.398,43,0.382
E16,,,,,277,0.398,43,0.382
E16,,,,,425,0.398,43,0.382
E16,,,,,400,0.398,43,0.382
E16,,,,,362,0.398,43,0.382
E16,,,,,560,0.398,43,0.382
E16,,,,,454,0.398,43,0.382
E16,,,,,412,0.398,43,0.382
E16,,,,,391,0.398,43,0.382
E16,,,,,402,0.398,,
E16,,,,,422,0.398,,
E16,,,,,206,0.398,,
E16,,,,,248,0.398,,
E16,,,,,327,0.398,,
E16,,,,,282,0.398,,
E16,,,,,456,0.398,,
E16,,,,,375,0.398,,
E16,,,,,413,0.398,,
E16,,,,,477,0.398,,
E16,,,,,436,0.398,,
E16,,,,,268,0.398,,
E16,,,,,557,0.398,,
E16,,,,,416,0.398,,
E16,,,,,364,0.398,,
E16,,,,,343,0.398,,
E16,,,,,432,0.398,,
E16,,,,,419,0.398,,
E16,,,,,518,0.398,,
E16,,,,,399,0.398,,
E16,,,,,426,0.398,,
E16,,,,,381,0.398,,
E16,,,,,455,0.398,,
E16,,,,,337,0.398,,
E16,,,,,243,0.398,,
E16,,,,,234,0.398,,
E16,,,,,363,0.398,,
E16,,,,,438,0.398,,
E16,,,,,466,0.398,,
E16,,,,,484,0.398,,
E16,,,,,328,0.398,,
E16,,,,,349,0.398,,
E16,,,,,525,0.398,,
E16,,,,,414,0.398,,
E16,,,,,416,0.398,,
E16,,,,,512,0.398,,
G3,1,1,165,5.607602835,413.56,0.263,11,0.091
G3,2,2,58,7.500932349,410.3,0.263,11,0.091
G3,2,a,58,,476,0.263,11,0.091
G3,3,3,71,5.870690894,370,0.263,11,0.091
G3,3,a,6,,464,0.263,11,0.091
G3,3,b,69,,83,0.263,11,0.091
G3,4,4,246,8.339091904,504.97,0.263,21,0.133
G3,5,5,261,5.057292829,382.82,0.263,21,0.133
G3,5,a,254,,475,0.263,11,0.091
G3,5,b,205,,341,0.263,11,0.091
G3,5,c,205,,343,0.263,11,0.091
G3,6,6,241,11.3803061,484.28,0.263,21,0.133
G3,6,a,241,,391,0.263,21,0.133
G3,7,7,289,7.564447615,525.07,0.263,21,0.133
G3,7,b,173,,332,0.263,21,0.133
G3,7,c,173,,382,0.263,21,0.133
G3,7,d,173,,323,0.263,21,0.133
G3,8,8,501,4.695123073,249.27,0.263,22,0.427
G3,8,a,501,,322,0.263,22,0.427
G3,8,b,494,,365,0.263,22,0.427
G3,9,9,471,6.930814412,457.85,0.263,22,0.427
G3,9,a,471,,442,0.263,22,0.427
G3,9,b,476,,247,0.263,22,0.427
G3,9,c,447,,398,0.263,22,0.427
G3,9,d,447,,218,0.263,22,0.427
G3,10,10,460,5.693962062,319.46,0.263,22,0.427
G3,10,a,460,,402,0.263,22,0.427
G3,10,b,488,,480,0.263,22,0.427
G3,10,c,485,,327,0.263,22,0.427
G3,10,d,456,,335,0.263,22,0.427
G3,11,11,551,6.509510921,424.9,0.263,22,0.427
G3,12,12,510,6.843705509,413.29,0.263,22,0.427
G3,13,13,391,7.214041434,476.71,0.263,22,0.427
G3,14,14,409,7.022732069,295.14,0.263,22,0.427
G3,14,a,409,,477,0.263,22,0.427
G3,14,b,407,,474,0.263,22,0.427
G3,14,c,400,,70,0.263,22,0.427
G3,15,15,415,7.832183434,443.2,0.263,22,0.427
G3,15,a,414,,315,0.263,22,0.427
G3,15,b,330,,470,0.263,22,0.427
G3,15,c,330,,388,0.263,22,0.427
G3,15,d,330,,363,0.263,22,0.427
G3,15,e,323,,208,0.263,22,0.427
G3,15,f,323,,395,0.263,22,0.427
G3,15,g,323,,357,0.263,22,0.427
G3,15,h,323,,389,0.263,22,0.427
G3,15,i,323,,477,0.263,22,0.427
G3,15,j,323,,352,0.263,22,0.427
G3,15,k,323,,440,0.263,22,0.427
G3,16,16,355,6.22435191,553.23,0.263,22,0.427
G3,16,a,358,,295,0.263,22,0.427
G3,17,17,,7.52865439,,0.263,31,0.261
G3,17,a,,,435,0.263,31,0.261
G3,17,b,,,378,0.263,31,0.261
G3,17,c,,,433,0.263,31,0.261
G3,18,18,,10.13448866,409.02,0.263,31,0.261
G3,18,a,,,394,0.263,31,0.261
G3,18,b,,,83,0.263,31,0.261
G3,19,19,594,9.164041801,600.73,0.263,51,0.120
G3,19,a,594,,532,0.263,51,0.120
G3,20,20,679,5.787748327,413.68,0.263,51,0.120
G3,20,a,679,,405,0.263,51,0.120
G3,20,b,675,,407,0.263,51,0.120
G3,20,c,622,,231,0.263,51,0.120
G3,21,21,785,5.584010948,522.63,0.263,52,0.479
G3,21,a,814,,279,0.263,52,0.479
G3,22,22,709,6.155846779,396.39,0.263,51,0.120
G3,22,a,709,,349,0.263,51,0.120
G3,22,b,696,,424,0.263,51,0.120
G3,23,23,773,5.135177071,365.87,0.263,52,0.479
G3,23,a,769,,354,0.263,52,0.479
G3,24,24,762,6.081682143,379.21,0.263,52,0.479
G3,25,25,856,5.206023528,384.19,0.263,52,0.479
G3,25,a,856,,323,0.263,52,0.479
G3,25,b,743,,406,0.263,52,0.479
G3,26,26,891,5.167754833,427.82,0.263,52,0.479
G3,26,a,891,,94,0.263,52,0.479
G3,27,27,899,5.499319328,400.39,0.263,52,0.479
G3,27,a,742,,456,0.263,52,0.479
G3,27,b,742,,418,0.263,52,0.479
G3,28,28,912,7.437950392,417.05,0.263,52,0.479
G3,29,29,1007,7.869419716,402,0.263,52,0.479
G3,29,a,1007,,412,0.263,52,0.479
G3,30,30,1032,6.320209308,385.01,0.263,52,0.479
G3,30,a,1033,,496,0.263,52,0.479
G3,31,31,994,6.283677046,529.59,0.263,52,0.479
G3,31,a,995,,550,0.263,52,0.479
G3,32,32,1053,5.824466027,397.53,0.263,52,0.479
G3,32,a,1053,,476,0.263,52,0.479
G3,32,b,971,,464,0.263,52,0.479
G3,33,33,,4.352003553,,0.263,,
G3,34,34,1122,6.757691421,456.02,0.263,52,0.479
G3,34,a,1122,,432,0.263,52,0.479
G3,35,35,1079,5.790799274,427.54,0.263,52,0.479
G3,35,a,1080,,373,0.263,52,0.479
G3,35,b,1072,,359,0.263,52,0.479
G3,35,c,1073,,494,0.263,52,0.479
G3,35,d,1073,,144,0.263,52,0.479
G3,36,36,930,5.418767147,481.1,0.263,52,0.479
G3,36,a,930,,326,0.263,52,0.479
G3,37,37,525,5.395969716,389.05,0.263,22,0.427
G3,37,a,525,,368,0.263,22,0.427
G3,,,,,444,0.263,11,0.091
G3,,,,,380,0.263,21,0.133
G3,,,,,374,0.263,21,0.133
G3,,,,,449,0.263,21,0.133
G3,,,,,430,0.263,21,0.133
G3,,,,,477,0.263,21,0.133
G3,,,,,210,0.263,22,0.427
G3,,,,,314,0.263,22,0.427
G3,,,,,408,0.263,22,0.427
G3,,,,,304,0.263,22,0.427
G3,,,,,368,0.263,22,0.427
G3,,,,,322,0.263,22,0.427
G3,,,,,527,0.263,22,0.427
G3,,,,,303,0.263,22,0.427
G3,,,,,335,0.263,22,0.427
G3,,,,,417,0.263,22,0.427
G3,,,,,427,0.263,22,0.427
G3,,,,,324,0.263,22,0.427
G3,,,,,472,0.263,22,0.427
G3,,,,,307,0.263,22,0.427
G3,,,,,282,0.263,22,0.427
G3,,,,,418,0.263,22,0.427
G3,,,,,331,0.263,22,0.427
G3,,,,,252,0.263,22,0.427
G3,,,,,509,0.263,22,0.427
G3,,,,,276,0.263,22,0.427
G3,,,,,319,0.263,22,0.427
G3,,,,,387,0.263,22,0.427
G3,,,,,374,0.263,22,0.427
G3,,,,,501,0.263,22,0.427
G3,,,,,422,0.263,22,0.427
G3,,,,,569,0.263,22,0.427
G3,,,,,552,0.263,22,0.427
G3,,,,,318,0.263,31,0.261
G3,,,,,539,0.263,31,0.261
G3,,,,,375,0.263,31,0.261
G3,,,,,402,0.263,31,0.261
G3,,,,,358,0.263,31,0.261
G3,,,,,442,0.263,31,0.261
G3,,,,,425,0.263,31,0.261
G3,,,,,351,0.263,31,0.261
G3,,,,,186,0.263,31,0.261
G3,,,,,416,0.263,31,0.261
G3,,,,,491,0.263,31,0.261
G3,,,,,287,0.263,31,0.261
G3,,,,,381,0.263,31,0.261
G3,,,,,356,0.263,31,0.261
G3,,,,,270,0.263,31,0.261
G3,,,,,397,0.263,31,0.261
G3,,,,,445,0.263,31,0.261
G3,,,,,354,0.263,31,0.261
G3,,,,,433,0.263,51,0.120
G3,,,,,345,0.263,51,0.120
G3,,,,,366,0.263,52,0.479
G3,,,,,452,0.263,52,0.479
G3,,,,,406,0.263,52,0.479
G3,,,,,335,0.263,52,0.479
G3,,,,,442,0.263,52,0.479
G3,,,,,360,0.263,52,0.479
G3,,,,,500,0.263,52,0.479
G3,,,,,213,0.263,,
G3,,,,,397,0.263,,
G3,,,,,303,0.263,,
G3,,,,,514,0.263,,
G3,,,,,337,0.263,,
G3,,,,,207,0.263,,
G3,,,,,518,0.263,,
G3,,,,,513,0.263,,
G3,,,,,333,0.263,,
F14,1,1,2,10.19340891,203.56,,,
F14,2,2,2,16.44887895,234.19,,,
F14,3,3,3,10.52087445,136.01,,,
F14,4,4,2,9.685426432,110.68,,,
F14,5,5,4,10.90473748,287.14,,,
F14,6,6,3,10.4987198,122.94,,,
F14,7,7,3,9.850146479,,,,
F14,8,8,5,7.588404253,379.71,,,
F14,9,9,2,8.135077977,148.25,,,
F14,10,10,3,9.448474747,312.15,,,
F14,11,11,3,9.300269014,193.86,,,
F14,12,12,4,9.227040206,394.8,,,
F14,13,13,3,10.44904228,259.55,,,
F14,14,14,8,9.344484965,191.97,,,
F14,15,15,4,9.959763497,188.68,,,
F14,16,16,5,9.388911131,298.63,,,
F14,17,17,2,11.3863051,193.71,,,
F14,18,18,4,8.776461656,,,,
F14,19,19,2,8.657026696,149.47,,,
F14,20,20,4,10.19878225,353.21,,,
F14,21,21,4,12.90787159,495.46,,,
F14,22,22,4,12.15522752,,,,
F14,23,23,5,11.23727442,305.31,,,
F14,24,24,54,12.98975963,469.46,,,
F14,25,25,6,9.039332435,400.43,,,
F14,26,26,23,13.21764033,536.53,,,
F14,27,27,8,17.32984788,363.11,,,
F14,28,28,40,7.556478887,205.75,,,
F14,29,29,43,13.82318598,343.46,,,
F14,30,30,9,14.10279953,423.87,,,
